[{"name":"Top","class":"container","responsive":"","backgroundcolor":"rgba(255, 255, 255, 0)","textcolor":"rgba(255, 255, 255, 0)","linkcolor":"rgba(255, 255, 255, 0)","linkhovercolor":"rgba(255, 255, 255, 0)","margin":"","padding":"","children":[{"span":"6","offset":"","type":"modules","position":"top1","style":"sp_xhtml","customclass":"","responsiveclass":""},{"span":"6","offset":"","type":"modules","position":"top2","style":"sp_xhtml","customclass":"","responsiveclass":""}]},{"name":"Header","class":"container","responsive":"","backgroundcolor":"rgba(255, 255, 255, 0)","textcolor":"rgba(255, 255, 255, 0)","linkcolor":"rgba(255, 255, 255, 0)","linkhovercolor":"rgba(255, 255, 255, 0)","margin":"","padding":"","children":[{"span":"3","offset":"","type":"modules","position":"logo","style":"none","customclass":"","responsiveclass":""},{"span":"7","offset":"","type":"modules","position":"header-block","style":"none","customclass":"","responsiveclass":""},{"span":"2","offset":"","type":"modules","position":"mini-cart","style":"none","customclass":"","responsiveclass":""}]},{"name":"Main Menu","class":"container","responsive":"","backgroundcolor":"rgba(255, 255, 255, 0)","textcolor":"rgba(255, 255, 255, 0)","linkcolor":"rgba(255, 255, 255, 0)","linkhovercolor":"rgba(255, 255, 255, 0)","margin":"","padding":"","children":[{"span":"9","offset":"","type":"modules","position":"menu","style":"none","customclass":"","responsiveclass":""},{"span":"3","offset":"","type":"modules","position":"search","style":"sp_xhtml","customclass":"","responsiveclass":""}]},{"name":"Feature","class":"container","responsive":"hidden-phone","backgroundcolor":"rgba(255, 255, 255, 0)","textcolor":"rgba(255, 255, 255, 0)","linkcolor":"rgba(255, 255, 255, 0)","linkhovercolor":"rgba(255, 255, 255, 0)","margin":"","padding":"","children":[{"span":"9","offset":"","type":"modules","position":"feature","style":"sp_xhtml","customclass":"","responsiveclass":""},{"span":"3","offset":"","type":"modules","position":"banner-top-right","style":"sp_xhtml","customclass":"","responsiveclass":""}]},{"name":"Feature Full","class":"","responsive":"hidden-phone","backgroundcolor":"rgba(255, 255, 255, 0)","textcolor":"rgba(255, 255, 255, 0)","linkcolor":"rgba(255, 255, 255, 0)","linkhovercolor":"rgba(255, 255, 255, 0)","margin":"","padding":"","children":[{"span":"12","offset":"","type":"modules","position":"feature-full","style":"sp_xhtml","customclass":"","responsiveclass":""}]},{"name":"Banner Top","class":"container","responsive":"hidden-phone","backgroundcolor":"rgba(255, 255, 255, 0)","textcolor":"rgba(255, 255, 255, 0)","linkcolor":"rgba(255, 255, 255, 0)","linkhovercolor":"rgba(255, 255, 255, 0)","margin":"","padding":"","children":[{"span":"12","offset":"","type":"modules","position":"banner-top","style":"none","customclass":"","responsiveclass":""}]},{"name":"Users","class":"container","responsive":"","backgroundcolor":"rgba(255, 255, 255, 0)","textcolor":"rgba(255, 255, 255, 0)","linkcolor":"rgba(255, 255, 255, 0)","linkhovercolor":"rgba(255, 255, 255, 0)","margin":"","padding":"","children":[{"span":"4","offset":"","type":"modules","position":"user1","style":"sp_xhtml","customclass":"","responsiveclass":""},{"span":"4","offset":"","type":"modules","position":"user2","style":"sp_xhtml","customclass":"","responsiveclass":""},{"span":"4","offset":"","type":"modules","position":"user3","style":"sp_xhtml","customclass":"","responsiveclass":""}]},{"name":"Tabs Product","class":"container no-padding","responsive":"","backgroundcolor":"rgba(255, 255, 255, 0)","textcolor":"rgba(255, 255, 255, 0)","linkcolor":"rgba(255, 255, 255, 0)","linkhovercolor":"rgba(255, 255, 255, 0)","margin":"","padding":"","children":[{"span":"12","offset":"","type":"modules","position":"tabs-product","style":"sp_xhtml","customclass":"","responsiveclass":""}]},{"name":"Banner Middle","class":"container","responsive":"hidden-phone","backgroundcolor":"rgba(255, 255, 255, 0)","textcolor":"rgba(255, 255, 255, 0)","linkcolor":"rgba(255, 255, 255, 0)","linkhovercolor":"rgba(255, 255, 255, 0)","margin":"","padding":"","children":[{"span":"12","offset":"","type":"modules","position":"banner-middle","style":"sp_xhtml","customclass":"","responsiveclass":""}]},{"name":"Tabs Category1","class":"container no-padding","responsive":"","backgroundcolor":"rgba(255, 255, 255, 0)","textcolor":"rgba(255, 255, 255, 0)","linkcolor":"rgba(255, 255, 255, 0)","linkhovercolor":"rgba(255, 255, 255, 0)","margin":"","padding":"","children":[{"span":"12","offset":"","type":"modules","position":"tabs-category1","style":"sp_xhtml","customclass":"","responsiveclass":""}]},{"name":"Tabs Category2","class":"container no-padding","responsive":"","backgroundcolor":"rgba(255, 255, 255, 0)","textcolor":"rgba(255, 255, 255, 0)","linkcolor":"rgba(255, 255, 255, 0)","linkhovercolor":"rgba(255, 255, 255, 0)","margin":"","padding":"","children":[{"span":"12","offset":"","type":"modules","position":"tabs-category2","style":"sp_xhtml","customclass":"","responsiveclass":""}]},{"name":"Banner Bottom","class":"container","responsive":"hidden-phone","backgroundcolor":"rgba(255, 255, 255, 0)","textcolor":"rgba(255, 255, 255, 0)","linkcolor":"rgba(255, 255, 255, 0)","linkhovercolor":"rgba(255, 255, 255, 0)","margin":"","padding":"","children":[{"span":"12","offset":"","type":"modules","position":"banner-bottom","style":"none","customclass":"","responsiveclass":""}]},{"name":"Main Body","class":"container","responsive":"","backgroundcolor":"rgba(246, 180, 74, 0)","textcolor":"rgba(255, 255, 255, 0)","linkcolor":"rgba(255, 255, 255, 0)","linkhovercolor":"rgba(255, 255, 255, 0)","margin":"","padding":"","children":[{"span":"3","offset":"","type":"modules","position":"left","style":"sp_xhtml","customclass":"","responsiveclass":""},{"span":"6","offset":"","type":"message","position":"","style":"xhtml","customclass":"","responsiveclass":"","children":[{"name":"Main Content Layout3","class":"","responsive":"","backgroundcolor":"rgba(255, 255, 255, 0)","textcolor":"rgba(255, 255, 255, 0)","linkcolor":"rgba(255, 255, 255, 0)","linkhovercolor":"rgba(255, 255, 255, 0)","margin":"","padding":"","children":[{"span":"12","offset":"","type":"modules","position":"main-content-layout3","style":"sp_xhtml","customclass":"","responsiveclass":""}]},{"name":"Main Content Layout4","class":"","responsive":"","backgroundcolor":"rgba(255, 255, 255, 0)","textcolor":"rgba(255, 255, 255, 0)","linkcolor":"rgba(255, 255, 255, 0)","linkhovercolor":"rgba(255, 255, 255, 0)","margin":"","padding":"","children":[{"span":"12","offset":"","type":"modules","position":"main-content-layout4","style":"sp_vinaXhtml","customclass":"","responsiveclass":""}]},{"name":"Breadcrumb","class":"","responsive":"","backgroundcolor":"rgba(255, 255, 255, 0)","textcolor":"rgba(255, 255, 255, 0)","linkcolor":"rgba(255, 255, 255, 0)","linkhovercolor":"rgba(255, 255, 255, 0)","margin":"","padding":"","children":[{"span":"12","offset":"","type":"modules","position":"breadcrumb","style":"none","customclass":"","responsiveclass":""}]},{"name":"Component Area","class":"","responsive":"","backgroundcolor":"rgba(255, 255, 255, 0)","textcolor":"rgba(255, 255, 255, 0)","linkcolor":"rgba(255, 255, 255, 0)","linkhovercolor":"rgba(255, 255, 255, 0)","margin":"","padding":"","children":[{"span":"12","offset":"","type":"component","position":"","style":"xhtml","customclass":"","responsiveclass":""}]}]},{"span":"3","offset":"","type":"modules","position":"right","style":"sp_xhtml","customclass":"","responsiveclass":""}]},{"name":"Our Project","class":"","responsive":"","backgroundcolor":"rgba(255, 255, 255, 0)","textcolor":"rgba(255, 255, 255, 0)","linkcolor":"rgba(255, 255, 255, 0)","linkhovercolor":"rgba(255, 255, 255, 0)","margin":"","padding":"","children":[{"span":"12","offset":"","type":"modules","position":"our-project","style":"sp_strong","customclass":"","responsiveclass":""}]},{"name":"Our Team","class":"container","responsive":"","backgroundcolor":"rgba(255, 255, 255, 0)","textcolor":"rgba(255, 255, 255, 0)","linkcolor":"rgba(255, 255, 255, 0)","linkhovercolor":"rgba(255, 255, 255, 0)","margin":"","padding":"","children":[{"span":"12","offset":"","type":"modules","position":"our-team","style":"sp_strong","customclass":"","responsiveclass":""}]},{"name":"Our Services","class":"container","responsive":"","backgroundcolor":"rgba(255, 255, 255, 0)","textcolor":"rgba(255, 255, 255, 0)","linkcolor":"rgba(255, 255, 255, 0)","linkhovercolor":"rgba(255, 255, 255, 0)","margin":"","padding":"","children":[{"span":"12","offset":"","type":"modules","position":"our-services","style":"sp_strong","customclass":"","responsiveclass":""}]},{"name":"Our Experience","class":"","responsive":"","backgroundcolor":"rgba(255, 255, 255, 0)","textcolor":"rgba(255, 255, 255, 0)","linkcolor":"rgba(255, 255, 255, 0)","linkhovercolor":"rgba(255, 255, 255, 0)","margin":"","padding":"","children":[{"span":"12","offset":"","type":"modules","position":"our-experience","style":"sp_strong","customclass":"","responsiveclass":""}]},{"name":"Our Portfolio","class":"container","responsive":"","backgroundcolor":"rgba(255, 255, 255, 0)","textcolor":"rgba(255, 255, 255, 0)","linkcolor":"rgba(255, 255, 255, 0)","linkhovercolor":"rgba(255, 255, 255, 0)","margin":"","padding":"","children":[{"span":"12","offset":"","type":"modules","position":"our-portfolio","style":"sp_strong","customclass":"","responsiveclass":""}]},{"name":"About Us","class":"container","responsive":"","backgroundcolor":"rgba(255, 255, 255, 0)","textcolor":"rgba(255, 255, 255, 0)","linkcolor":"rgba(255, 255, 255, 0)","linkhovercolor":"rgba(255, 255, 255, 0)","margin":"","padding":"","children":[{"span":"4","offset":"","type":"modules","position":"more-about-us","style":"sp_strong","customclass":"","responsiveclass":""},{"span":"8","offset":"","type":"modules","position":"brands-clients","style":"sp_strong","customclass":"","responsiveclass":""}]},{"name":"Our Working","class":"","responsive":"","backgroundcolor":"rgba(255, 255, 255, 0)","textcolor":"rgba(255, 255, 255, 0)","linkcolor":"rgba(255, 255, 255, 0)","linkhovercolor":"rgba(255, 255, 255, 0)","margin":"","padding":"","children":[{"span":"12","offset":"","type":"modules","position":"our-working","style":"sp_strong","customclass":"","responsiveclass":""}]},{"name":"Our Price","class":"container","responsive":"","backgroundcolor":"rgba(255, 255, 255, 0)","textcolor":"rgba(255, 255, 255, 0)","linkcolor":"rgba(255, 255, 255, 0)","linkhovercolor":"rgba(255, 255, 255, 0)","margin":"","padding":"","children":[{"span":"12","offset":"","type":"modules","position":"our-price","style":"sp_strong","customclass":"","responsiveclass":""}]},{"name":"Testimonials Partners","class":"","responsive":"","backgroundcolor":"rgba(255, 255, 255, 0)","textcolor":"rgba(255, 255, 255, 0)","linkcolor":"rgba(255, 255, 255, 0)","linkhovercolor":"rgba(255, 255, 255, 0)","margin":"","padding":"","children":[{"span":"12","offset":"","type":"modules","position":"testimonials-partners","style":"sp_strong","customclass":"","responsiveclass":""}]},{"name":"Latest Blog","class":"container no-padding","responsive":"","backgroundcolor":"rgba(255, 255, 255, 0)","textcolor":"rgba(255, 255, 255, 0)","linkcolor":"rgba(255, 255, 255, 0)","linkhovercolor":"rgba(255, 255, 255, 0)","margin":"","padding":"","children":[{"span":"12","offset":"","type":"modules","position":"latest-blog","style":"sp_vinaXhtml","customclass":"","responsiveclass":""}]},{"name":"Our Brands","class":"container","responsive":"","backgroundcolor":"rgba(255, 255, 255, 0)","textcolor":"rgba(255, 255, 255, 0)","linkcolor":"rgba(255, 255, 255, 0)","linkhovercolor":"rgba(255, 255, 255, 0)","margin":"","padding":"","children":[{"span":"12","offset":"","type":"modules","position":"our-brands","style":"sp_vinaXhtml","customclass":"","responsiveclass":""}]},{"name":"Link Follow","class":"container","responsive":"","backgroundcolor":"rgba(255, 255, 255, 0)","textcolor":"rgba(255, 255, 255, 0)","linkcolor":"rgba(255, 255, 255, 0)","linkhovercolor":"rgba(255, 255, 255, 0)","margin":"","padding":"","children":[{"span":"4","offset":"","type":"modules","position":"link-follow1","style":"sp_flat","customclass":"","responsiveclass":""},{"span":"4","offset":"","type":"modules","position":"link-follow2","style":"sp_flat","customclass":"","responsiveclass":""},{"span":"4","offset":"","type":"modules","position":"link-follow3","style":"sp_flat","customclass":"","responsiveclass":""}]},{"name":"Bottom","class":"container","responsive":"","backgroundcolor":"rgba(255, 255, 255, 0)","textcolor":"rgba(255, 255, 255, 0)","linkcolor":"rgba(255, 255, 255, 0)","linkhovercolor":"rgba(255, 255, 255, 0)","margin":"","padding":"","children":[{"span":"3","offset":"","type":"modules","position":"bottom1","style":"sp_flat","customclass":"","responsiveclass":""},{"span":"2","offset":"","type":"modules","position":"bottom2","style":"sp_flat","customclass":"","responsiveclass":""},{"span":"2","offset":"","type":"modules","position":"bottom3","style":"sp_flat","customclass":"","responsiveclass":""},{"span":"2","offset":"","type":"modules","position":"bottom4","style":"sp_flat","customclass":"","responsiveclass":""},{"span":"3","offset":"","type":"modules","position":"bottom5","style":"sp_flat","customclass":"","responsiveclass":""}]},{"name":"Footer","class":"container","responsive":"","backgroundcolor":"rgba(255, 255, 255, 0)","textcolor":"rgba(255, 255, 255, 0)","linkcolor":"rgba(255, 255, 255, 0)","linkhovercolor":"rgba(255, 255, 255, 0)","margin":"","padding":"","children":[{"span":"8","offset":"","type":"modules","position":"footer1","style":"none","customclass":"","responsiveclass":""},{"span":"4","offset":"","type":"modules","position":"footer2","style":"none","customclass":"","responsiveclass":""}]}]